2.5,3.6804709999999997e-13,2.5257379999999998e-13,2.6053084999999999e-13,4.2222210000000003e-12,2.1042555e-12,7.8957044999999999e-13,1.7759704e-13,1.0693147999999999e-13,9.2636449999999992e-14,1.7663330000000001e-13,2.5391445000000002e-13,7.7844395000000002e-13,1.9714399999999999e-12
2.4747474747474749,2.5909039999999999e-13,1.6519457999999998e-14,5.3908459999999999e-13,3.9263290000000001e-12,1.4950264999999999e-12,9.1326035000000009e-13,5.0316014999999993e-13,1.3589934499999999e-13,1.9644128500000001e-13,2.335668e-13,2.9270535000000001e-13,1.0574976000000001e-12,2.2862779999999999e-12
2.4494949494949494,2.3583565e-13,1.9025338999999999e-14,5.1011650000000005e-13,4.4377285000000003e-12,3.6830579999999999e-12,7.9899229999999993e-13,3.4889989999999996e-12,4.1284864999999998e-13,1.3148900000000001e-13,5.5510895000000004e-14,4.3844675000000001e-13,1.0521852999999999e-12,2.141439e-12
2.4242424242424243,2.4385449999999999e-13,2.93883105e-14,6.7500334999999997e-13,2.0565424999999999e-12,1.452927e-12,1.2498495000000001e-12,2.8478680000000001e-13,6.3085950000000001e-13,2.1137624499999999e-13,7.6860925000000004e-14,3.2036999999999998e-13,1.1004984999999999e-12,2.3204574999999998e-12
2.3989898989898988,2.2290524999999999e-13,7.3453145000000001e-14,2.8876952e-12,1.4359875e-12,1.4115299999999999e-12,1.2291000000000001e-12,1.3086868499999999e-12,2.6660574999999998e-13,9.8650449999999996e-14,2.5080715499999998e-13,4.1358879999999997e-13,1.3510865000000001e-12,2.345516e-12
2.3737373737373737,2.4876605e-13,3.4299875e-14,1.4171444999999999e-12,6.6137024999999998e-13,1.3961934999999999e-12,1.08195515e-12,7.2261284999999992e-13,9.0830985000000001e-13,5.2341900999999999e-14,2.0209287499999999e-13,5.0349949999999994e-13,1.2694950000000001e-12,2.531051e-12
2.3484848484848486,2.5848890000000001e-13,7.3191230000000007e-14,1.1551300000000001e-12,4.1328849999999999e-13,4.766899e-12,1.2425319999999999e-12,3.9420489999999998e-13,1.2066362500000001e-13,1.8123260000000003e-14,2.5100763999999998e-13,8.2705790000000001e-13,1.671036e-12,2.9697795e-12
2.3232323232323231,2.3342980000000003e-13,7.0746819999999993e-14,8.8579845000000004e-13,2.4389142000000001e-13,2.1917595000000001e-12,9.8603025000000013e-13,5.7552995000000004e-13,3.7118940000000001e-13,1.73526005e-13,2.1101383000000001e-13,1.0606055000000001e-12,2.04381e-12,3.5690835e-12
2.297979797979798,2.3513394999999999e-13,9.4903570000000006e-14,1.0855672e-12,4.3423780000000002e-13,5.0605870000000002e-12,1.0275271499999999e-12,1.8942485000000001e-13,6.6536739999999993e-14,4.0667230000000004e-13,8.2204610000000009e-13,1.5050469999999998e-12,2.8016865000000004e-12,4.8307394999999998e-12
2.2727272727272729,1.8962679999999999e-13,8.7887064999999997e-14,9.7139935000000011e-13,8.6444694999999997e-13,3.1997215000000001e-12,1.1078160000000001e-12,4.3333507500000003e-13,1.1675563e-12,6.8753080000000006e-13,9.8953840000000013e-13,2.2145089999999998e-12,4.0961205000000004e-12,6.753848e-12
2.2474747474747474,2.1157849999999999e-13,1.9564015e-13,1.1607435000000002e-12,1.05780065e-12,2.4952705e-12,1.4119285e-12,2.229646e-12,7.105850999999999e-13,1.5265970499999999e-12,2.0641569999999998e-12,3.9928790000000001e-12,6.827024e-12,1.065649e-11
2.2222222222222223,1.5654895e-13,1.4652481999999998e-13,1.743192705e-10,1.71424e-12,2.0058230000000001e-12,1.8385279999999999e-12,1.1314609999999997e-13,1.335851e-12,2.9422149999999999e-12,4.3074160000000004e-12,7.2477070000000003e-12,1.160001e-11,1.7822785000000001e-11
2.1969696969696968,2.3675164999999999e-14,7.2977999999999964e-15,1.5002405e-12,1.7731790000000002e-12,2.4562800000000001e-12,2.8541079999999999e-12,3.1826805000000002e-12,3.8429289999999999e-12,5.6676020000000001e-12,8.1694684999999995e-12,1.323945e-11,2.0577760000000001e-11,3.0730835000000004e-11
2.1717171717171717,2.2364584999999999e-13,2.948117e-13,9.9254910000000013e-13,2.7005534999999998e-12,3.6320355000000002e-12,4.3845950000000001e-12,6.454549e-12,7.8286719999999995e-12,1.1194155e-11,1.5849669999999999e-11,2.4953815e-11,3.7964909999999995e-11,5.5460879999999999e-11
2.1464646464646466,6.7851650000000002e-13,9.060470999999999e-13,2.0784989999999999e-12,4.4632879999999997e-12,8.9782719999999986e-12,8.0662270000000007e-12,1.0510959999999999e-11,1.5128679999999998e-11,2.1694574999999999e-11,3.1115859999999999e-11,4.749294e-11,7.1340145000000009e-11,1.0279275e-10
2.1212121212121211,1.732598e-12,2.2622320000000001e-12,3.812569e-12,7.5245675000000003e-12,1.102597e-11,1.5502654999999999e-11,2.2701139999999999e-11,2.9805594999999995e-11,4.2560879999999997e-11,5.9587289999999997e-11,9.0394969999999997e-11,1.339554e-10,1.9020885e-10
2.095959595959596,4.1574049999999997e-12,5.2209790000000005e-12,8.4129664999999998e-12,1.42306e-11,2.1739700000000002e-11,3.0821659999999999e-11,4.5747660000000003e-11,6.1473925000000006e-11,8.4925585000000002e-11,1.176731e-10,1.7586929999999999e-10,2.5678710000000001e-10,3.6056719999999996e-10
2.0707070707070709,9.4506640000000007e-12,1.17447e-11,1.8618010000000001e-11,3.0109555000000002e-11,4.6864024999999997e-11,6.3174484999999998e-11,9.4025464999999997e-11,1.2264350000000001e-10,1.7014345000000001e-10,2.3246555e-10,3.4177819999999998e-10,4.9553835000000002e-10,6.8480254999999994e-10
2.0454545454545454,2.1060885e-11,2.6290565e-11,4.0158754999999999e-11,6.1546979999999998e-11,9.1114690000000002e-11,1.2981380000000001e-10,1.9192365e-10,2.4801059999999999e-10,3.3988180000000002e-10,4.5905085000000005e-10,6.6658494999999991e-10,9.5183945000000013e-10,1.295855e-09
2.0202020202020203,4.6166480000000004e-11,5.7127000000000001e-11,8.5927789999999998e-11,1.2553275e-10,1.8782344999999999e-10,2.6422339999999999e-10,3.8387510000000001e-10,4.9286664999999994e-10,6.6881530000000002e-10,8.9210224999999994e-10,1.274455e-09,1.7953159999999999e-09,2.4104539999999997e-09
1.9949494949494948,1.0319975e-10,1.2723974999999999e-10,1.8611815e-10,2.6877549999999999e-10,3.9811115000000004e-10,5.5019675000000002e-10,7.9039915000000002e-10,9.9821174999999995e-10,1.3368899999999999e-09,1.7558279999999999e-09,2.472259e-09,3.4291675000000001e-09,4.5149580000000001e-09
1.9696969696969697,2.3074030000000001e-10,2.8299665000000002e-10,4.0504099999999999e-10,5.7592299999999994e-10,8.4009305000000008e-10,1.144152e-09,1.6137934999999999e-09,2.0174249999999998e-09,2.6499685e-09,3.4264305000000003e-09,4.7307464999999997e-09,6.4452010000000004e-09,8.3218410000000006e-09
1.9444444444444444,5.1540199999999991e-10,6.2960420000000007e-10,8.7898049999999995e-10,1.2351665000000001e-09,1.7567174999999999e-09,2.3632205000000002e-09,3.2720709999999998e-09,4.0128094999999998e-09,5.1980700000000004e-09,6.5946239999999997e-09,8.877084000000001e-09,1.1840725e-08,1.4961284999999999e-08
1.9191919191919191,1.1183990000000001e-09,1.3631265000000002e-09,1.8551510000000001e-09,2.5488664999999998e-09,3.5526540000000002e-09,4.6938095000000002e-09,6.3386280000000003e-09,7.7060740000000001e-09,9.7296454999999996e-09,1.2139925000000001e-08,1.5938914999999997e-08,2.0747024999999998e-08,2.5567619999999999e-08
1.893939393939394,2.4517004999999999e-09,2.9539154999999999e-09,3.9288360000000006e-09,5.2837495000000007e-09,7.1704300000000004e-09,9.2608315000000002e-09,1.2145639999999999e-08,1.4454040000000001e-08,1.7911595000000002e-08,2.185985e-08,2.7863089999999998e-08,3.5338934999999999e-08,4.2548135000000005e-08
1.8686868686868687,5.1825809999999996e-09,6.2133084999999999e-09,8.054728000000001e-09,1.0526955000000001e-08,1.390266e-08,1.7483860000000001e-08,2.2201954999999998e-08,2.5915109999999999e-08,3.1425555e-08,3.74572e-08,4.6496885000000002e-08,5.7425805000000002e-08,6.7459280000000005e-08
1.8434343434343434,1.0607929999999999e-08,1.2534405e-08,1.5791325e-08,2.0095109999999998e-08,2.561812e-08,3.1454374999999995e-08,3.8810435000000004e-08,4.4549700000000002e-08,5.2567779999999994e-08,6.1371775000000006e-08,7.4019704999999999e-08,8.8976875e-08,1.0225055e-07
1.8181818181818183,2.0339245e-08,2.3543719999999999e-08,2.8885465000000003e-08,3.5727285000000001e-08,4.4324185000000003e-08,5.2928904999999997e-08,6.3597195000000003e-08,7.145014e-08,8.2730384999999994e-08,9.4408864999999995e-08,1.1094750000000001e-07,1.3038115000000002e-07,1.4687450000000001e-07
1.7929292929292928,3.7149035000000005e-08,4.256208e-08,5.0729645000000001e-08,6.084141e-08,7.3325544999999995e-08,8.5289489999999994e-08,9.9784960000000004e-08,1.1023095000000001e-07,1.2494985e-07,1.3981455000000002e-07,1.6066740000000001e-07,1.8473094999999999e-07,2.0440664999999999e-07
1.7676767676767677,6.3800384999999996e-08,7.2138149999999995e-08,8.3708689999999999e-08,9.7530140000000005e-08,1.143286e-07,1.2997055e-07,1.4873564999999999e-07,1.618105e-07,1.800636e-07,1.9817399999999999e-07,2.233327e-07,2.5138470000000002e-07,2.7459824999999999e-07
1.7424242424242424,1.018921e-07,1.1296560000000001e-07,1.2837165000000001e-07,1.4605210000000001e-07,1.6752100000000001e-07,1.8690470000000002e-07,2.092064e-07,2.2494745e-07,2.4609985e-07,2.671514e-07,2.9601799999999997e-07,3.2873715e-07,3.5409175000000001e-07
1.7171717171717171,1.5495250000000001e-07,1.6887619999999999e-07,1.8827515e-07,2.1017200000000001e-07,2.3530390000000001e-07,2.5873884999999996e-07,2.8489025000000001e-07,3.0269409999999996e-07,3.2684634999999999e-07,3.5077669999999996e-07,3.8305224999999999e-07,4.1915569999999997e-07,4.4697890000000003e-07
1.691919191919192,2.2325139999999999e-07,2.3967254999999996e-07,2.6272735000000005e-07,2.8873195e-07,3.1765569999999997e-07,3.4465764999999996e-07,3.7384420000000001e-07,3.9397395000000001e-07,4.2060519999999996e-07,4.4680899999999999e-07,4.8192859999999998e-07,5.2117065000000003e-07,5.5067810000000005e-07
1.6666666666666665,3.0741504999999997e-07,3.2618859999999999e-07,3.5328099999999997e-07,3.8246835000000001e-07,4.1384019999999999e-07,4.4414390000000002e-07,4.758367e-07,4.9749975000000005e-07,5.2674000000000002e-07,5.5462059999999993e-07,5.9182665e-07,6.3383580000000003e-07,6.6470424999999992e-07
1.6414141414141414,4.0376275000000003e-07,4.2445234999999997e-07,4.5457230000000001e-07,4.862299499999999e-07,5.2024204999999998e-07,5.5329025000000006e-07,5.8714365000000001e-07,6.0981694999999994e-07,6.4078685000000002e-07,6.6968284999999996e-07,7.0891530000000002e-07,7.5319365000000009e-07,7.848303e-07
1.6161616161616161,5.1642534999999999e-07,5.3873685000000008e-07,5.7226034999999996e-07,6.057308e-07,6.4177165000000001e-07,6.7697945000000003e-07,7.1242585000000001e-07,7.3609820000000007e-07,7.6793045000000001e-07,7.9848105000000004e-07,8.3831099999999997e-07,8.8446794999999995e-07,9.1671105e-07
1.5909090909090908,6.4290529999999998e-07,6.6623350000000005e-07,7.0213620000000005e-07,7.3723909999999997e-07,7.7465270000000002e-07,8.1200849999999994e-07,8.4811499999999997e-07,8.7262405000000002e-07,9.0520385000000002e-07,9.3651094999999997e-07,9.7725779999999996e-07,1.0245664999999999e-06,1.0567590000000001e-06
1.5656565656565657,7.8094099999999998e-07,8.0521590000000001e-07,8.4313964999999997e-07,8.7986685000000006e-07,9.1725219999999992e-07,9.5644115000000005e-07,9.930583e-07,1.0178279999999999e-06,1.0508674999999998e-06,1.0819435e-06,1.1240059999999999e-06,1.171351e-06,1.2037044999999998e-06
1.5404040404040404,9.2534800000000001e-07,9.5039720000000005e-07,9.9052935000000004e-07,1.0267179999999999e-06,1.065177e-06,1.105107e-06,1.141716e-06,1.165834e-06,1.1992875000000001e-06,1.2310530000000001e-06,1.2717775e-06,1.3206995e-06,1.3523115e-06
1.5151515151515151,1.0836274999999999e-06,1.110072e-06,1.1507159999999999e-06,1.1868569999999999e-06,1.2247845e-06,1.2655205e-06,1.3023245000000002e-06,1.3258274999999999e-06,1.359435e-06,1.3903775e-06,1.4310680000000001e-06,1.4801105e-06,1.5110625000000002e-06
1.4898989898989898,1.251876e-06,1.2781449999999999e-06,1.318894e-06,1.3540250000000001e-06,1.3934890000000002e-06,1.4339450000000001e-06,1.4694625e-06,1.4928155e-06,1.5261344999999999e-06,1.556368e-06,1.596389e-06,1.6456784999999999e-06,1.6755335000000001e-06
1.4646464646464648,1.4288519999999999e-06,1.454975e-06,1.4960289999999999e-06,1.5298519999999999e-06,1.5689525e-06,1.6087965e-06,1.6440555e-06,1.6665615e-06,1.6989280000000001e-06,1.728259e-06,1.7675905000000001e-06,1.8169515e-06,1.8453840000000001e-06
1.4393939393939394,1.6085504999999999e-06,1.6343359999999999e-06,1.674991e-06,1.7074475000000001e-06,1.7465280000000001e-06,1.7860334999999999e-06,1.819587e-06,1.841575e-06,1.8729530000000001e-06,1.9009505000000001e-06,1.9390244999999999e-06,1.987753e-06,2.0146749999999999e-06
1.4141414141414141,1.800286e-06,1.8259299999999999e-06,1.865172e-06,1.8959794999999999e-06,1.9346070000000001e-06,1.9732595000000003e-06,2.0048144999999999e-06,2.0261525000000002e-06,2.0560174999999998e-06,2.0837360000000002e-06,2.1193939999999998e-06,2.166256e-06,2.1920649999999998e-06
1.3888888888888888,1.9980064999999996e-06,2.0229334999999997e-06,2.060061e-06,2.0900145e-06,2.1267299999999999e-06,2.1637534999999998e-06,2.194357e-06,2.2132950000000001e-06,2.242512e-06,2.2686345e-06,2.3032975000000003e-06,2.3496625000000001e-06,2.3739545000000002e-06
1.3636363636363635,2.1932319999999996e-06,2.2177404999999999e-06,2.2524895000000001e-06,2.281365e-06,2.3188745000000002e-06,2.3548614999999998e-06,2.3819875000000002e-06,2.4010660000000001e-06,2.4287945000000003e-06,2.4529104999999998e-06,2.4852859999999998e-06,2.5314375000000001e-06,2.5531554999999999e-06
1.3383838383838385,2.4017950000000001e-06,2.4245709999999999e-06,2.4571870000000002e-06,2.4847195000000001e-06,2.5203304999999999e-06,2.5533160000000002e-06,2.5796005e-06,2.5962955000000002e-06,2.622851e-06,2.6458965e-06,2.6759305000000002e-06,2.7207220000000002e-06,2.7409654999999999e-06
1.3131313131313131,2.6144720000000002e-06,2.6361085e-06,2.6662105000000004e-06,2.6913360000000001e-06,2.7253570000000001e-06,2.7574824999999999e-06,2.781293e-06,2.7964515000000001e-06,2.8214415e-06,2.8420309999999999e-06,2.8702784999999998e-06,2.9133959999999998e-06,2.9321155000000002e-06
1.2878787878787878,2.8309969999999998e-06,2.8509894999999999e-06,2.8784470000000001e-06,2.9026439999999999e-06,2.9355289999999998e-06,2.9648074999999997e-06,2.9858799999999999e-06,3.0005494999999999e-06,3.022106e-06,3.0413915000000003e-06,3.0670870000000001e-06,3.108484e-06,3.1246999999999999e-06
1.2626262626262625,3.0464569999999998e-06,3.0659069999999997e-06,3.0909689999999999e-06,3.1129030000000002e-06,3.143459e-06,3.1719845000000004e-06,3.1888175000000002e-06,3.2008785000000001e-06,3.2218575e-06,3.2386699999999996e-06,3.2616345e-06,3.302011e-06,3.3153829999999998e-06
1.2373737373737375,3.271205e-06,3.2893360000000001e-06,3.3111084999999999e-06,3.3311000000000002e-06,3.3596375000000001e-06,3.384385e-06,3.401226e-06,3.4101115e-06,3.4282134999999999e-06,3.4432285e-06,3.4637329999999998e-06,3.5022434999999999e-06,3.5133875000000001e-06
1.2121212121212122,3.4983105e-06,3.5149870000000001e-06,3.5334324999999996e-06,3.5510815e-06,3.5773715000000002e-06,3.6005044999999999e-06,3.6134924999999997e-06,3.6207675e-06,3.6366925000000002e-06,3.649976e-06,3.6671324999999997e-06,3.7034145000000001e-06,3.7130834999999999e-06
1.1868686868686869,3.727435e-06,3.7418575000000001e-06,3.759239e-06,3.7740385000000001e-06,3.7976544999999998e-06,3.8173529999999998e-06,3.8262829999999994e-06,3.8328564999999995e-06,3.8465954999999999e-06,3.8572579999999996e-06,3.8721949999999996e-06,3.9064404999999995e-06,3.9130874999999998e-06
1.1616161616161615,3.9541229999999995e-06,3.9659464999999993e-06,3.9798270000000001e-06,3.9936135000000005e-06,4.014067e-06,4.0301805e-06,4.0370635e-06,4.0426884999999996e-06,4.0528784999999993e-06,4.0614775000000001e-06,4.0738199999999996e-06,4.1056085e-06,4.1095284999999998e-06
1.1363636363636365,4.1885900000000002e-06,4.1989709999999998e-06,4.2106580000000003e-06,4.2211615e-06,4.2387985e-06,4.2525920000000004e-06,4.2563280000000002e-06,4.2575400000000006e-06,4.2666735000000002e-06,4.2735114999999996e-06,4.2824345000000001e-06,4.3117219999999999e-06,4.3139930000000006e-06
1.1111111111111112,4.4252685000000003e-06,4.4332105000000006e-06,4.4417570000000003e-06,4.4497864999999999e-06,4.4653859999999997e-06,4.4758569999999997e-06,4.4752165000000001e-06,4.4751549999999993e-06,4.4819865000000002e-06,4.4858439999999998e-06,4.4918970000000003e-06,4.519781e-06,4.5188424999999994e-06
1.0858585858585859,4.6584655000000002e-06,4.6633620000000003e-06,4.6705064999999999e-06,4.6756814999999994e-06,4.6873100000000007e-06,4.6947905000000002e-06,4.6900854999999997e-06,4.6890439999999999e-06,4.6923809999999999e-06,4.694735e-06,4.6976344999999999e-06,4.7232815000000004e-06,4.7196504999999995e-06
1.0606060606060606,4.8984700000000002e-06,4.9008145000000002e-06,4.904294e-06,4.9073885e-06,4.9164109999999993e-06,4.920395e-06,4.9127444999999996e-06,4.9086074999999996e-06,4.9105114999999996e-06,4.9101065000000001e-06,4.9093344999999999e-06,4.932501e-06,4.9266634999999999e-06
1.0353535353535352,5.1400899999999994e-06,5.1393289999999994e-06,5.1407139999999997e-06,5.1404470000000002e-06,5.1464280000000003e-06,5.1469245000000002e-06,5.1360935000000004e-06,5.1303209999999998e-06,5.1294789999999998e-06,5.1253805000000001e-06,5.1219859999999994e-06,5.1427029999999998e-06,5.133514e-06
1.0101010101010102,5.3817084999999996e-06,5.3784e-06,5.3770815e-06,5.3729444999999999e-06,5.3760154999999998e-06,5.3742199999999999e-06,5.3583620000000005e-06,5.3506460000000001e-06,5.3472295000000001e-06,5.3409360000000001e-06,5.3336790000000003e-06,5.3523200000000001e-06,5.3411415000000006e-06
0.98484848484848486,5.6180549999999999e-06,5.6126559999999993e-06,5.6079779999999993e-06,5.6013964999999999e-06,5.6002505e-06,5.5955145000000005e-06,5.5777705000000003e-06,5.5670560000000001e-06,5.5611525000000003e-06,5.5523139999999993e-06,5.5412849999999996e-06,5.5575525e-06,5.5436200000000003e-06
0.95959595959595956,5.8633785e-06,5.8550969999999993e-06,5.8472514999999997e-06,5.8363374999999996e-06,5.8341450000000004e-06,5.8245165e-06,5.8038115e-06,5.7904130000000002e-06,5.7815860000000007e-06,5.7699179999999997e-06,5.7560374999999997e-06,5.7702100000000001e-06,5.7526289999999999e-06
0.93434343434343425,6.1073614999999999e-06,6.0974720000000006e-06,6.0865885000000005e-06,6.0725935000000007e-06,6.0662465000000002e-06,6.0547619999999994e-06,6.0270309999999999e-06,6.0135615e-06,6.0021894999999995e-06,5.987628e-06,5.9701245000000002e-06,5.9813834999999999e-06,5.9617879999999999e-06
0.90909090909090917,6.3531994999999999e-06,6.34048e-06,6.3276580000000005e-06,6.3095719999999998e-06,6.2995215000000001e-06,6.2845225000000004e-06,6.2544234999999999e-06,6.2377870000000001e-06,6.223646e-06,6.2069279999999997e-06,6.1857264999999999e-06,6.1943265000000001e-06,6.1719650000000005e-06
0.88383838383838387,6.5930155000000001e-06,6.5769664999999999e-06,6.5600105000000003e-06,6.5395264999999998e-06,6.5263594999999999e-06,6.5078554999999999e-06,6.47401e-06,6.4557639999999999e-06,6.4385565000000007e-06,6.4192024999999996e-06,6.3886525000000004e-06,6.4004044999999995e-06,6.3749240000000004e-06
0.85858585858585856,6.8374235000000001e-06,6.8190075e-06,6.7980050000000003e-06,6.7753760000000006e-06,6.7579970000000005e-06,6.7378780000000001e-06,6.6997974999999996e-06,6.6785319999999997e-06,6.6585364999999997e-06,6.6367484999999997e-06,6.6030400000000004e-06,6.6121039999999999e-06,6.5832429999999992e-06
0.83333333333333326,7.0822965000000004e-06,7.0607094999999993e-06,7.0373189999999998e-06,7.0102400000000005e-06,6.9900025000000002e-06,6.9656325000000004e-06,6.9246570000000007e-06,6.9011580000000002e-06,6.8780224999999999e-06,6.8530819999999996e-06,6.8166875000000003e-06,6.8229384999999998e-06,6.7914945000000001e-06
0.80808080808080818,7.3275185000000003e-06,7.3028200000000003e-06,7.2757940000000001e-06,7.2455619999999999e-06,7.2226129999999998e-06,7.1949704999999999e-06,7.1489250000000003e-06,7.1241375000000002e-06,7.0984090000000001e-06,7.0711845000000003e-06,7.0303159999999999e-06,7.0341235000000002e-06,7.0000299999999995e-06
0.78282828282828287,7.5665919999999995e-06,7.5385425000000003e-06,7.5077354999999997e-06,7.4748769999999998e-06,7.449707e-06,7.4177929999999995e-06,7.3675764999999994e-06,7.3414160000000002e-06,7.3125029999999997e-06,7.2826365000000002e-06,7.2383130000000004e-06,7.239603e-06,7.2023179999999997e-06
0.75757575757575757,7.8108370000000011e-06,7.7799304999999999e-06,7.7458024999999998e-06,7.7099140000000005e-06,7.6804305000000003e-06,7.6459840000000006e-06,7.5929054999999998e-06,7.5637805000000003e-06,7.5333954999999999e-06,7.4996569999999994e-06,7.4509629999999999e-06,7.4510165000000005e-06,7.4102400000000001e-06
0.73232323232323226,8.0545250000000006e-06,8.0200905000000004e-06,7.9827675000000003e-06,7.9443904999999987e-06,7.9114610000000004e-06,7.8731035000000005e-06,7.8164205000000013e-06,7.7857615000000006e-06,7.7516955e-06,7.716243e-06,7.6635840000000002e-06,7.6610479999999996e-06,7.6174620000000006e-06
0.70707070707070696,8.2908555000000005e-06,8.2524285000000004e-06,8.2124965000000002e-06,8.1708070000000006e-06,8.1347769999999992e-06,8.094033000000001e-06,8.0334814999999996e-06,8.0003149999999997e-06,7.9638094999999992e-06,7.9251919999999997e-06,7.8698110000000005e-06,7.8645750000000008e-06,7.8186455000000011e-06
0.68181818181818188,8.5287829999999989e-06,8.4880709999999999e-06,8.4457474999999994e-06,8.4002390000000013e-06,8.36221e-06,8.3180975000000007e-06,8.2538519999999994e-06,8.2205614999999985e-06,8.178809e-06,8.1385654999999993e-06,8.0797724999999999e-06,8.0717200000000007e-06,8.0228975000000005e-06
0.65656565656565657,8.7665084999999998e-06,8.7224810000000013e-06,8.6768315000000009e-06,8.6296399999999989e-06,8.5873740000000007e-06,8.5409499999999999e-06,8.4732005000000002e-06,8.4367874999999994e-06,8.3939925000000008e-06,8.3504834999999989e-06,8.2881839999999992e-06,8.277573999999999e-06,8.226467500000001e-06
0.63131313131313127,9.0012589999999992e-06,8.9553879999999995e-06,8.9067030000000005e-06,8.8568345000000007e-06,8.8132429999999999e-06,8.7622140000000005e-06,8.6913395000000007e-06,8.6528845000000007e-06,8.6076234999999997e-06,8.5617005000000011e-06,8.4955675000000016e-06,8.4829529999999997e-06,8.4290955000000014e-06
0.60606060606060597,9.2279314999999997e-06,9.1789834999999996e-06,9.1297300000000004e-06,9.0758145000000001e-06,9.0299600000000005e-06,8.9763840000000006e-06,8.9020809999999987e-06,8.8616064999999994e-06,8.8134895000000009e-06,8.7651715000000008e-06,8.6967170000000008e-06,8.6807435000000004e-06,8.6249694999999995e-06
0.58080808080808088,9.4596424999999996e-06,9.4094360000000002e-06,9.3576675000000013e-06,9.3010325000000001e-06,9.2515120000000006e-06,9.196140499999999e-06,9.1181330000000003e-06,9.0756269999999988e-06,9.0254564999999996e-06,8.9740455000000003e-06,8.9027665000000006e-06,8.8853155000000002e-06,8.8261449999999998e-06
0.55555555555555558,9.6905489999999988e-06,9.6363585000000013e-06,9.5820969999999994e-06,9.5234230000000006e-06,9.4718999999999999e-06,9.4120574999999996e-06,9.3310779999999993e-06,9.2882725000000003e-06,9.2342959999999997e-06,9.1809069999999996e-06,9.1058890000000003e-06,9.086448500000001e-06,9.0246415000000002e-06
0.53030303030303028,9.918292000000001e-06,9.8617485000000001e-06,9.8058764999999995e-06,9.7444540000000005e-06,9.6903029999999992e-06,9.6270515000000004e-06,9.5424864999999986e-06,9.4978375e-06,9.4416224999999994e-06,9.3858724999999991e-06,9.3080054999999997e-06,9.286370499999999e-06,9.2213205000000004e-06
0.50505050505050497,1.0140064999999999e-05,1.0081355e-05,1.0022205000000001e-05,9.9583065000000003e-06,9.9010750000000007e-06,9.8333040000000005e-06,9.7467494999999998e-06,9.6992220000000004e-06,9.641527999999999e-06,9.5828889999999992e-06,9.5023665000000007e-06,9.4783099999999994e-06,9.411516e-06
0.47979797979797967,1.037105e-05,1.030858e-05,1.0247525000000001e-05,1.0179584999999999e-05,1.0119005e-05,1.0046165e-05,9.9553700000000009e-06,9.9069180000000009e-06,9.8454260000000001e-06,9.7849149999999995e-06,9.7008110000000005e-06,9.6736339999999997e-06,9.6049575000000008e-06
0.45454545454545459,1.060225e-05,1.0538175e-05,1.047228e-05,1.040195e-05,1.0339219999999999e-05,1.0260709999999999e-05,1.016568e-05,1.0114499999999999e-05,1.005125e-05,9.9870099999999984e-06,9.8992585e-06,9.8705685000000005e-06,9.798740000000001e-06
0.4292929292929295,1.0831784999999999e-05,1.0762105e-05,1.0693815e-05,1.0619475000000001e-05,1.055185e-05,1.0469405e-05,1.0371105e-05,1.0317804999999998e-05,1.0248794999999999e-05,1.018531e-05,1.009278e-05,1.0061525e-05,9.9879745000000002e-06
0.40404040404040398,1.106573e-05,1.0994505e-05,1.0921865000000001e-05,1.084483e-05,1.0774025000000001e-05,1.0687995e-05,1.0582415e-05,1.0527049999999999e-05,1.045623e-05,1.0388605000000001e-05,1.0293204999999999e-05,1.025852e-05,1.018222e-05
0.3787878787878789,1.130029e-05,1.122609e-05,1.115005e-05,1.1069084999999999e-05,1.099601e-05,1.0903505e-05,1.0795000000000001e-05,1.0736795e-05,1.066259e-05,1.059222e-05,1.0492735000000001e-05,1.04563e-05,1.037658e-05
0.35353535353535337,1.1534734999999999e-05,1.1457555e-05,1.137742e-05,1.1293355e-05,1.1215555e-05,1.1120434999999999e-05,1.1006094999999999e-05,1.0946075e-05,1.086948e-05,1.0795924999999999e-05,1.0691945e-05,1.0652584999999999e-05,1.0570205e-05
0.32828282828282829,1.175936e-05,1.167888e-05,1.1595485e-05,1.1508289999999999e-05,1.1427475e-05,1.132961e-05,1.121039e-05,1.1147324999999999e-05,1.1067770000000001e-05,1.0991555e-05,1.0884125e-05,1.0841975e-05,1.0756519999999999e-05
0.30303030303030321,1.1985839999999999e-05,1.1903685e-05,1.1814995000000001e-05,1.1727445e-05,1.1644035e-05,1.1541789999999999e-05,1.1417765e-05,1.1353465e-05,1.127065e-05,1.1190145e-05,1.108031e-05,1.1035494999999999e-05,1.0945955e-05
0.27777777777777768,1.2200955000000001e-05,1.2122464999999999e-05,1.2031319999999999e-05,1.194144e-05,1.1853959999999999e-05,1.1749255e-05,1.162285e-05,1.1555614999999999e-05,1.1470025e-05,1.13878e-05,1.1272719999999999e-05,1.1224139999999999e-05,1.1131425e-05
0.2525252525252526,1.2392625000000001e-05,1.231459e-05,1.2230505000000001e-05,1.2139585e-05,1.2052705000000001e-05,1.1946185e-05,1.1815749999999999e-05,1.1749845e-05,1.1659620000000001e-05,1.1574885000000001e-05,1.1457139999999999e-05,1.1403289999999999e-05,1.1308650000000001e-05
0.22727272727272707,1.2536010000000001e-05,1.246849e-05,1.2391490000000001e-05,1.230534e-05,1.2220879999999999e-05,1.211657e-05,1.198672e-05,1.1919170000000001e-05,1.1829544999999999e-05,1.1743120000000001e-05,1.1623060000000001e-05,1.1562895e-05,1.1465425e-05
0.20202020202020199,1.2626789999999998e-05,1.257199e-05,1.250914e-05,1.2428915e-05,1.2349374999999999e-05,1.225262e-05,1.2127679999999999e-05,1.2062535000000001e-05,1.1972079999999999e-05,1.1885470000000001e-05,1.1764855e-05,1.1697945e-05,1.1598740000000001e-05
0.17676767676767691,1.267403e-05,1.2628825e-05,1.2573385e-05,1.2503040000000002e-05,1.2430295e-05,1.233934e-05,1.2222969999999999e-05,1.2159759999999999e-05,1.2073455000000001e-05,1.19874e-05,1.1868270000000001e-05,1.179474e-05,1.1694915e-05
0.15151515151515138,1.2697875000000001e-05,1.265706e-05,1.2606515e-05,1.254165e-05,1.247382e-05,1.2388604999999999e-05,1.2277785e-05,1.2218564999999999e-05,1.2133730000000001e-05,1.2048645e-05,1.1932714999999999e-05,1.18552e-05,1.1754705e-05
0.1262626262626263,1.2712895000000001e-05,1.267241e-05,1.26242e-05,1.2561659999999999e-05,1.2495494999999999e-05,1.2414405e-05,1.2307039999999999e-05,1.2248645e-05,1.2165595000000001e-05,1.208373e-05,1.1967935e-05,1.188749e-05,1.1788835e-05
0.10101010101010122,1.2722260000000001e-05,1.2683675e-05,1.2636729999999999e-05,1.257547e-05,1.2510630000000001e-05,1.242908e-05,1.2323865e-05,1.226667e-05,1.218462e-05,1.2103455e-05,1.1989195e-05,1.1908905000000001e-05,1.1809095000000001e-05
0.07575757575757569,1.2701580000000001e-05,1.269288e-05,1.2645449999999999e-05,1.258511e-05,1.2521185e-05,1.244149e-05,1.2334930000000002e-05,1.2280839999999999e-05,1.219775e-05,1.211582e-05,1.200281e-05,1.1920509999999999e-05,1.182239e-05
0.050505050505050608,1.2742765e-05,1.2701679999999999e-05,1.265444e-05,1.2593094999999999e-05,1.2530664999999999e-05,1.244977e-05,1.2344724999999999e-05,1.2287855e-05,1.220678e-05,1.212694e-05,1.2012555000000001e-05,1.193044e-05,1.1832765000000001e-05
0.025252525252525082,1.2751319999999999e-05,1.2709564999999999e-05,1.2662230000000001e-05,1.260012e-05,1.2538309999999999e-05,1.245863e-05,1.235385e-05,1.2296865e-05,1.2215269999999999e-05,1.213466e-05,1.2021149999999999e-05,1.1938775e-05,1.1840289999999998e-05
0,1.2759944999999999e-05,1.2717654999999999e-05,1.2670760000000001e-05,1.260877e-05,1.2546365e-05,1.24672e-05,1.236065e-05,1.2306475e-05,1.2223485e-05,1.2142559999999998e-05,1.2029550000000001e-05,1.1946205000000001e-05,1.1848510000000001e-05
